{
    "lr=0.001, dropout_rate=0.1, initializer=he": {
        "learning_rate": 0.001,
        "dropout_rate": 0.1,
        "initializer": "he",
        "train_losses": [
            1.5196568183748147,
            1.2717307956793562,
            1.1657149890665952,
            1.1476384622777405,
            1.1121486505500884,
            1.0792915715059272,
            1.1150146070205176,
            1.0654936588328818,
            1.0360383782462168,
            1.0474971774302924,
            1.0381611335890095,
            0.9987651104983605,
            1.0115780858654277,
            1.0689138821933581,
            1.0320329864034539,
            1.0353619027514702,
            1.041283356813574,
            0.9982621071366925,
            0.959376076229005,
            1.0010382648513252
        ],
        "val_losses": [
            1.2211915860100397,
            1.119505711018093,
            1.0776228450593495,
            1.061465963484749,
            1.0434667950584775,
            1.1132637489409674,
            1.0103748365054055,
            1.0813282529513042,
            0.9992474431083316,
            1.1011075964049688,
            1.0325021119344802,
            1.1322158310148451,
            1.0638213725317092,
            1.0239018230211168,
            0.9945804315900045,
            0.9756994597495549,
            0.9962553746170468,
            1.0382369179574271,
            1.0106042869507321,
            0.9157583278322977
        ],
        "val_metrics": {
            "accuracy": 0.7023809523809523,
            "precision": 0.6750107544981857,
            "recall": 0.6844593643575662,
            "test_loss": 0.9157583278322977,
            "inference_time_per_batch": 0.0014337599277496338,
            "total_inference_time": 0.02294015884399414
        }
    },
    "best": {
        "learning_rate": 0.001,
        "dropout_rate": 0.1,
        "initializer": "he",
        "train_losses": [
            1.5196568183748147,
            1.2717307956793562,
            1.1657149890665952,
            1.1476384622777405,
            1.1121486505500884,
            1.0792915715059272,
            1.1150146070205176,
            1.0654936588328818,
            1.0360383782462168,
            1.0474971774302924,
            1.0381611335890095,
            0.9987651104983605,
            1.0115780858654277,
            1.0689138821933581,
            1.0320329864034539,
            1.0353619027514702,
            1.041283356813574,
            0.9982621071366925,
            0.959376076229005,
            1.0010382648513252
        ],
        "val_losses": [
            1.2211915860100397,
            1.119505711018093,
            1.0776228450593495,
            1.061465963484749,
            1.0434667950584775,
            1.1132637489409674,
            1.0103748365054055,
            1.0813282529513042,
            0.9992474431083316,
            1.1011075964049688,
            1.0325021119344802,
            1.1322158310148451,
            1.0638213725317092,
            1.0239018230211168,
            0.9945804315900045,
            0.9756994597495549,
            0.9962553746170468,
            1.0382369179574271,
            1.0106042869507321,
            0.9157583278322977
        ],
        "val_metrics": {
            "accuracy": 0.7023809523809523,
            "precision": 0.6750107544981857,
            "recall": 0.6844593643575662,
            "test_loss": 0.9157583278322977,
            "inference_time_per_batch": 0.0014337599277496338,
            "total_inference_time": 0.02294015884399414
        }
    }
}