{
    "lr=0.001, dropout_rate=0.1, initializer=he": {
        "learning_rate": 0.001,
        "dropout_rate": 0.1,
        "initializer": "he",
        "train_losses": [
            1.4241323579441418,
            1.1298282212419473,
            1.0197201550242458,
            0.949146910382825,
            0.8906260403719816,
            0.8730962620422303,
            0.8326948136680211,
            0.8283819848369703,
            0.8105536887768229,
            0.7921098006572648,
            0.7478016044782556,
            0.7453102615510994,
            0.735999843113036,
            0.7447436928984676,
            0.7067378099728008,
            0.7206951054659757,
            0.6974245759809441,
            0.7113164547874994,
            0.6944330341731135,
            0.6794044889009045
        ],
        "val_losses": [
            1.2494427873974754,
            1.0602304481324696,
            1.0398838974180675,
            0.966943485396249,
            0.9274148108467223,
            0.9298606079722208,
            0.9144489944927277,
            0.9107668768791926,
            0.9139310386445787,
            0.886007651450142,
            0.8253503451271663,
            0.929965509308709,
            0.8318849622257172,
            0.8146712079880729,
            0.7481816543473138,
            0.8612362742424011,
            0.8164620957677327,
            0.748756005650475,
            0.8125025776643602,
            0.7537487442531283
        ],
        "val_metrics": {
            "accuracy": 0.746031746031746,
            "precision": 0.7198666495541496,
            "recall": 0.7196277075664219,
            "test_loss": 0.7537487442531283,
            "inference_time_per_batch": 0.005580604076385498,
            "total_inference_time": 0.08928966522216797
        }
    },
    "best": {
        "learning_rate": 0.001,
        "dropout_rate": 0.1,
        "initializer": "he",
        "train_losses": [
            1.4241323579441418,
            1.1298282212419473,
            1.0197201550242458,
            0.949146910382825,
            0.8906260403719816,
            0.8730962620422303,
            0.8326948136680211,
            0.8283819848369703,
            0.8105536887768229,
            0.7921098006572648,
            0.7478016044782556,
            0.7453102615510994,
            0.735999843113036,
            0.7447436928984676,
            0.7067378099728008,
            0.7206951054659757,
            0.6974245759809441,
            0.7113164547874994,
            0.6944330341731135,
            0.6794044889009045
        ],
        "val_losses": [
            1.2494427873974754,
            1.0602304481324696,
            1.0398838974180675,
            0.966943485396249,
            0.9274148108467223,
            0.9298606079722208,
            0.9144489944927277,
            0.9107668768791926,
            0.9139310386445787,
            0.886007651450142,
            0.8253503451271663,
            0.929965509308709,
            0.8318849622257172,
            0.8146712079880729,
            0.7481816543473138,
            0.8612362742424011,
            0.8164620957677327,
            0.748756005650475,
            0.8125025776643602,
            0.7537487442531283
        ],
        "val_metrics": {
            "accuracy": 0.746031746031746,
            "precision": 0.7198666495541496,
            "recall": 0.7196277075664219,
            "test_loss": 0.7537487442531283,
            "inference_time_per_batch": 0.005580604076385498,
            "total_inference_time": 0.08928966522216797
        }
    }
}