{
    "lr=0.001, dropout_rate=0.1, initializer=xavier": {
        "learning_rate": 0.001,
        "dropout_rate": 0.1,
        "initializer": "xavier",
        "train_losses": [
            1.4415041547518945,
            1.1432780545690786,
            1.0461077977546118,
            1.000901410702189,
            0.9606997601599562,
            0.9379137198444412,
            0.9442145928092625,
            0.880691622556905,
            0.9384667055880128,
            0.9023462069835587,
            0.9253463177341718,
            0.8743759235845724,
            0.8778969718533542,
            0.8632420051710408,
            0.8461327749514297,
            0.8687919838861986,
            0.8664088715677676,
            0.8659328116258613,
            0.868002643698289,
            0.8747099680391696
        ],
        "val_losses": [
            1.4891051129689292,
            1.2188472766724845,
            1.0601786753487965,
            0.9627009914034889,
            0.9743353128433228,
            0.9823203143619356,
            1.023076453852275,
            0.924627493298243,
            0.9703260376339867,
            0.9352348153553312,
            0.9645499634364295,
            0.8915486184377519,
            0.9858086024011884,
            1.0063479599498568,
            0.900446407378666,
            0.9996512295707823,
            0.8922202284373935,
            0.9437446319867694,
            0.9188557286111135,
            0.9658144419155423
        ],
        "val_metrics": {
            "accuracy": 0.6468253968253969,
            "precision": 0.5894059644059644,
            "recall": 0.5837598017021333,
            "test_loss": 0.9658144419155423,
            "inference_time_per_batch": 0.0058912187814712524,
            "total_inference_time": 0.09425950050354004
        }
    },
    "best": {
        "learning_rate": 0.001,
        "dropout_rate": 0.1,
        "initializer": "xavier",
        "train_losses": [
            1.4415041547518945,
            1.1432780545690786,
            1.0461077977546118,
            1.000901410702189,
            0.9606997601599562,
            0.9379137198444412,
            0.9442145928092625,
            0.880691622556905,
            0.9384667055880128,
            0.9023462069835587,
            0.9253463177341718,
            0.8743759235845724,
            0.8778969718533542,
            0.8632420051710408,
            0.8461327749514297,
            0.8687919838861986,
            0.8664088715677676,
            0.8659328116258613,
            0.868002643698289,
            0.8747099680391696
        ],
        "val_losses": [
            1.4891051129689292,
            1.2188472766724845,
            1.0601786753487965,
            0.9627009914034889,
            0.9743353128433228,
            0.9823203143619356,
            1.023076453852275,
            0.924627493298243,
            0.9703260376339867,
            0.9352348153553312,
            0.9645499634364295,
            0.8915486184377519,
            0.9858086024011884,
            1.0063479599498568,
            0.900446407378666,
            0.9996512295707823,
            0.8922202284373935,
            0.9437446319867694,
            0.9188557286111135,
            0.9658144419155423
        ],
        "val_metrics": {
            "accuracy": 0.6468253968253969,
            "precision": 0.5894059644059644,
            "recall": 0.5837598017021333,
            "test_loss": 0.9658144419155423,
            "inference_time_per_batch": 0.0058912187814712524,
            "total_inference_time": 0.09425950050354004
        }
    }
}