{
    "lr=0.01, dropout_rate=0.1, initializer=he": {
        "learning_rate": 0.01,
        "dropout_rate": 0.1,
        "initializer": "he",
        "train_losses": [
            1.111352982963969,
            0.7810129864590442,
            0.6866410066605556,
            0.6659466232589111,
            0.6386225639949203,
            0.6533278776664037,
            0.6551006596844658,
            0.5803848843977385,
            0.5821226727467752,
            0.6116151608261666,
            0.6039507748345613,
            0.5643265786232876,
            0.6028477163514189,
            0.5980221197274127,
            0.5902327231091001,
            0.675938901454652,
            0.6247643433113697,
            0.5329248911255727,
            0.5697488813723618,
            0.5842064538889605
        ],
        "val_losses": [
            0.9434744923833817,
            1.1070250140296087,
            0.9988685458425491,
            1.1537941542882768,
            1.0375214550230238,
            1.2754531209430997,
            1.070830299740746,
            1.2283078167173598,
            0.8902100669959235,
            1.055222369375683,
            1.1342560497541276,
            1.385950622104463,
            1.1835831370618608,
            1.2050785223642986,
            1.1872664339958676,
            1.339228255526414,
            1.1682952675554488,
            1.2123217204260448,
            1.2838361641717335,
            1.368954753118848
        ],
        "val_metrics": {
            "accuracy": 0.7579365079365079,
            "precision": 0.7262015209776406,
            "recall": 0.7063219584375021,
            "test_loss": 1.368954753118848,
            "inference_time_per_batch": 0.004115983843803406,
            "total_inference_time": 0.06585574150085449
        }
    },
    "best": {
        "learning_rate": 0.01,
        "dropout_rate": 0.1,
        "initializer": "he",
        "train_losses": [
            1.111352982963969,
            0.7810129864590442,
            0.6866410066605556,
            0.6659466232589111,
            0.6386225639949203,
            0.6533278776664037,
            0.6551006596844658,
            0.5803848843977385,
            0.5821226727467752,
            0.6116151608261666,
            0.6039507748345613,
            0.5643265786232876,
            0.6028477163514189,
            0.5980221197274127,
            0.5902327231091001,
            0.675938901454652,
            0.6247643433113697,
            0.5329248911255727,
            0.5697488813723618,
            0.5842064538889605
        ],
        "val_losses": [
            0.9434744923833817,
            1.1070250140296087,
            0.9988685458425491,
            1.1537941542882768,
            1.0375214550230238,
            1.2754531209430997,
            1.070830299740746,
            1.2283078167173598,
            0.8902100669959235,
            1.055222369375683,
            1.1342560497541276,
            1.385950622104463,
            1.1835831370618608,
            1.2050785223642986,
            1.1872664339958676,
            1.339228255526414,
            1.1682952675554488,
            1.2123217204260448,
            1.2838361641717335,
            1.368954753118848
        ],
        "val_metrics": {
            "accuracy": 0.7579365079365079,
            "precision": 0.7262015209776406,
            "recall": 0.7063219584375021,
            "test_loss": 1.368954753118848,
            "inference_time_per_batch": 0.004115983843803406,
            "total_inference_time": 0.06585574150085449
        }
    }
}